<?xml version="1.0" encoding="utf-8"?>
<Projects>
  <Project TasksCount="10">
    <ProjectName>Hyster-Yale</ProjectName>
    <HasEndDate>No</HasEndDate>
    <Tasks>
      <Task>
        <Name>Broadleaf</Name>
        <Label>JavaAdvanced</Label>
      </Task>
      <Task>
        <Name>Bryum</Name>
        <Label>EntityFramework</Label>
      </Task>
      <Task>
        <Name>Cornflag</Name>
        <Label>CSharpAdvanced</Label>
      </Task>
      <Task>
        <Name>Crandall</Name>
        <Label>Priority</Label>
      </Task>
      <Task>
        <Name>Debeque</Name>
        <Label>JavaAdvanced</Label>
      </Task>
      <Task>
        <Name>Guadalupe</Name>
        <Label>JavaAdvanced</Label>
      </Task>
      <Task>
        <Name>Guadeloupe</Name>
        <Label>JavaAdvanced</Label>
      </Task>
      <Task>
        <Name>Longbract Pohlia Moss</Name>
        <Label>EntityFramework</Label>
      </Task>
      <Task>
        <Name>Meyen's Sedge</Name>
        <Label>EntityFramework</Label>
      </Task>
      <Task>
        <Name>Pacific</Name>
        <Label>Priority</Label>
      </Task>
    </Tasks>
  </Project>
  <Project TasksCount="7">
    <ProjectName>Land Systemttttttttttttttttttttttttttt</ProjectName>
    <HasEndDate>No</HasEndDate>
    <Tasks>
      <Task>
        <Name>Annual</Name>
        <Label>CSharpAdvanced</Label>
      </Task>
      <Task>
        <Name>Blueeyed</Name>
        <Label>JavaAdvanced</Label>
      </Task>
      <Task>
        <Name>Charleston Mousetail</Name>
        <Label>Hibernate</Label>
      </Task>
      <Task>
        <Name>Nipa Palm</Name>
        <Label>Priority</Label>
      </Task>
      <Task>
        <Name>Northland</Name>
        <Label>CSharpAdvanced</Label>
      </Task>
      <Task>
        <Name>Paradox</Name>
        <Label>Hibernate</Label>
      </Task>
      <Task>
        <Name>White</Name>
        <Label>Hibernate</Label>
      </Task>
    </Tasks>
  </Project>
  <Project TasksCount="5">
    <ProjectName>TESARO, Inc.</ProjectName>
    <HasEndDate>Yes</HasEndDate>
    <Tasks>
      <Task>
        <Name>Fleabane</Name>
        <Label>Priority</Label>
      </Task>
      <Task>
        <Name>Leafy Reedgrass</Name>
        <Label>CSharpAdvanced</Label>
      </Task>
      <Task>
        <Name>Olive</Name>
        <Label>Hibernate</Label>
      </Task>
      <Task>
        <Name>Slender Cudweed</Name>
        <Label>Priority</Label>
      </Task>
      <Task>
        <Name>Spherical Blazing Star</Name>
        <Label>Hibernate</Label>
      </Task>
    </Tasks>
  </Project>
  <Project TasksCount="4">
    <ProjectName>New Oriental</ProjectName>
    <HasEndDate>Yes</HasEndDate>
    <Tasks>
      <Task>
        <Name>Bashful Four O'clock</Name>
        <Label>JavaAdvanced</Label>
      </Task>
      <Task>
        <Name>Burchell's Clover</Name>
        <Label>Hibernate</Label>
      </Task>
      <Task>
        <Name>Rubber Rabbitbrush</Name>
        <Label>JavaAdvanced</Label>
      </Task>
      <Task>
        <Name>Sea Kale</Name>
        <Label>JavaAdvanced</Label>
      </Task>
    </Tasks>
  </Project>
  <Project TasksCount="4">
    <ProjectName>U.S. Bancorp</ProjectName>
    <HasEndDate>Yes</HasEndDate>
    <Tasks>
      <Task>
        <Name>Florida Toadwood</Name>
        <Label>Priority</Label>
      </Task>
      <Task>
        <Name>Munz's Buckwheat</Name>
        <Label>CSharpAdvanced</Label>
      </Task>
      <Task>
        <Name>Valamuerto</Name>
        <Label>Hibernate</Label>
      </Task>
      <Task>
        <Name>Visher's</Name>
        <Label>Priority</Label>
      </Task>
    </Tasks>
  </Project>
  <Project TasksCount="4">
    <ProjectName>USANA Health Sciences, Inc.</ProjectName>
    <HasEndDate>Yes</HasEndDate>
    <Tasks>
      <Task>
        <Name>Lac Tree</Name>
        <Label>JavaAdvanced</Label>
      </Task>
      <Task>
        <Name>Lane Mountain Milkvetch</Name>
        <Label>Priority</Label>
      </Task>
      <Task>
        <Name>Pointed Gourd</Name>
        <Label>Priority</Label>
      </Task>
      <Task>
        <Name>Southern Hawkweed</Name>
        <Label>CSharpAdvanced</Label>
      </Task>
    </Tasks>
  </Project>
  <Project TasksCount="3">
    <ProjectName>Greenbrier Companies</ProjectName>
    <HasEndDate>Yes</HasEndDate>
    <Tasks>
      <Task>
        <Name>Awned Mountainmint</Name>
        <Label>JavaAdvanced</Label>
      </Task>
      <Task>
        <Name>Calophyllum</Name>
        <Label>CSharpAdvanced</Label>
      </Task>
      <Task>
        <Name>Pearson's</Name>
        <Label>CSharpAdvanced</Label>
      </Task>
    </Tasks>
  </Project>
  <Project TasksCount="3">
    <ProjectName>SCYNEXIS, Inc.</ProjectName>
    <HasEndDate>Yes</HasEndDate>
    <Tasks>
      <Task>
        <Name>American Star-thistle</Name>
        <Label>CSharpAdvanced</Label>
      </Task>
      <Task>
        <Name>Hairy Mountain Mahogany</Name>
        <Label>Priority</Label>
      </Task>
      <Task>
        <Name>Yellow Wildrye</Name>
        <Label>Priority</Label>
      </Task>
    </Tasks>
  </Project>
  <Project TasksCount="2">
    <ProjectName>Alamos Gold Inc.</ProjectName>
    <HasEndDate>No</HasEndDate>
    <Tasks>
      <Task>
        <Name>Bicolored Spleenwort</Name>
        <Label>CSharpAdvanced</Label>
      </Task>
      <Task>
        <Name>Comfortroot</Name>
        <Label>Priority</Label>
      </Task>
    </Tasks>
  </Project>
  <Project TasksCount="2">
    <ProjectName>America</ProjectName>
    <HasEndDate>Yes</HasEndDate>
    <Tasks>
      <Task>
        <Name>California Dwarf-flax</Name>
        <Label>Hibernate</Label>
      </Task>
      <Task>
        <Name>Fineleaf</Name>
        <Label>Hibernate</Label>
      </Task>
    </Tasks>
  </Project>
  <Project TasksCount="2">
    <ProjectName>Boston</ProjectName>
    <HasEndDate>Yes</HasEndDate>
    <Tasks>
      <Task>
        <Name>Sturdy Bulrush</Name>
        <Label>EntityFramework</Label>
      </Task>
      <Task>
        <Name>White Jungleflame</Name>
        <Label>Hibernate</Label>
      </Task>
    </Tasks>
  </Project>
  <Project TasksCount="2">
    <ProjectName>Key Energy Services, Inc.</ProjectName>
    <HasEndDate>No</HasEndDate>
    <Tasks>
      <Task>
        <Name>Columbian</Name>
        <Label>Hibernate</Label>
      </Task>
      <Task>
        <Name>Roundleaf Leather-root</Name>
        <Label>Priority</Label>
      </Task>
    </Tasks>
  </Project>
  <Project TasksCount="2">
    <ProjectName>Net 1 UEPS Technologies, Inc.</ProjectName>
    <HasEndDate>Yes</HasEndDate>
    <Tasks>
      <Task>
        <Name>Greenman's Bluet</Name>
        <Label>CSharpAdvanced</Label>
      </Task>
      <Task>
        <Name>Spotted Phacelia</Name>
        <Label>JavaAdvanced</Label>
      </Task>
    </Tasks>
  </Project>
  <Project TasksCount="2">
    <ProjectName>Public Storage</ProjectName>
    <HasEndDate>No</HasEndDate>
    <Tasks>
      <Task>
        <Name>Clustered Sawwort</Name>
        <Label>Priority</Label>
      </Task>
      <Task>
        <Name>Fir Clubmoss</Name>
        <Label>EntityFramework</Label>
      </Task>
    </Tasks>
  </Project>
  <Project TasksCount="2">
    <ProjectName>VivoPower PLC</ProjectName>
    <HasEndDate>Yes</HasEndDate>
    <Tasks>
      <Task>
        <Name>Digitgrass</Name>
        <Label>EntityFramework</Label>
      </Task>
      <Task>
        <Name>Rock Whitefeather</Name>
        <Label>Hibernate</Label>
      </Task>
    </Tasks>
  </Project>
  <Project TasksCount="1">
    <ProjectName>Blackrock MuniHoldings</ProjectName>
    <HasEndDate>Yes</HasEndDate>
    <Tasks>
      <Task>
        <Name>Saber Bogmat</Name>
        <Label>Priority</Label>
      </Task>
    </Tasks>
  </Project>
  <Project TasksCount="1">
    <ProjectName>Brandywine</ProjectName>
    <HasEndDate>Yes</HasEndDate>
    <Tasks>
      <Task>
        <Name>Cypress Panicgrass</Name>
        <Label>EntityFramework</Label>
      </Task>
    </Tasks>
  </Project>
  <Project TasksCount="1">
    <ProjectName>China Lending Corporation</ProjectName>
    <HasEndDate>No</HasEndDate>
    <Tasks>
      <Task>
        <Name>Spreading Sandwort</Name>
        <Label>Hibernate</Label>
      </Task>
    </Tasks>
  </Project>
  <Project TasksCount="1">
    <ProjectName>Cypress Energy</ProjectName>
    <HasEndDate>Yes</HasEndDate>
    <Tasks>
      <Task>
        <Name>Tricharia Lichen</Name>
        <Label>JavaAdvanced</Label>
      </Task>
    </Tasks>
  </Project>
  <Project TasksCount="1">
    <ProjectName>First Trust Senior Loan Fund ETF</ProjectName>
    <HasEndDate>Yes</HasEndDate>
    <Tasks>
      <Task>
        <Name>Cyrtandra</Name>
        <Label>Priority</Label>
      </Task>
    </Tasks>
  </Project>
  <Project TasksCount="1">
    <ProjectName>National Beverage Corp.</ProjectName>
    <HasEndDate>Yes</HasEndDate>
    <Tasks>
      <Task>
        <Name>Carrotwood</Name>
        <Label>Priority</Label>
      </Task>
    </Tasks>
  </Project>
  <Project TasksCount="1">
    <ProjectName>Perceptron, Inc.</ProjectName>
    <HasEndDate>Yes</HasEndDate>
    <Tasks>
      <Task>
        <Name>Wirestem Buckwheat</Name>
        <Label>Hibernate</Label>
      </Task>
    </Tasks>
  </Project>
  <Project TasksCount="1">
    <ProjectName>SS S.A.</ProjectName>
    <HasEndDate>Yes</HasEndDate>
    <Tasks>
      <Task>
        <Name>Strawberry Clover</Name>
        <Label>CSharpAdvanced</Label>
      </Task>
    </Tasks>
  </Project>
</Projects>